Year,Revenue,Growth
2016,2620648.6499999906,20335.46000000004
2017,2641259.990000008,20611.34000000002
