Year,Amount,Revenue
2016,171710,21571632.069999415
2017,183687,23110294.939999864
