Year,Amount,Revenue
2016,145062,18245491.010000203
2017,228262,28676607.64000002
