,Year,Total_Amount,Total_Revenue
0,2015,231294,29036749.189999994
1,2016,204646,25730943.59
2,2017,249987,31417495.030000016
